index,smiles,status,error,target,search_time,first_solution_time,first_solution_iteration,number_of_nodes,max_transforms,max_children,number_of_routes,number_of_solved_routes,top_score,is_solved,number_of_steps,number_of_precursors,number_of_precursors_in_stock,precursors_in_stock,precursors_not_in_stock,precursors_availability,policy_used_counts,profiling
0,CN1CC[C@H]2[C@@H](CCCN2c2ccnc(F)c2)C1,ok,,CN1CC[C@H]2[C@@H](CCCN2c2ccnc(F)c2)C1,12.154607057571411,1.4647891521453857,4,329,6,25,101,12,0.9976287063411217,True,1,2,2,"CN1CC[C@@H]2NCCC[C@H]2C1, Fc1cc(Br)ccn1",,zinc;zinc,{'uspto': 328},"{'expansion_calls': 237, 'reactants_generations': 1090, 'iterations': 100}"
1,CN1CC[C@H]2[C@@H](CCCN2c2ccc(F)cn2)C1,ok,,CN1CC[C@H]2[C@@H](CCCN2c2ccc(F)cn2)C1,18.730334997177124,0.23310613632202148,2,446,6,24,165,15,0.9976287063411217,True,1,2,2,"CN1CC[C@@H]2NCCC[C@H]2C1, Fc1ccc(Cl)nc1",,zinc;zinc,{'uspto': 445},"{'expansion_calls': 298, 'reactants_generations': 1846, 'iterations': 100}"
2,O=C1CCN(C(=O)C2=NN3CCCN=C3N2)CC1,ok,,O=C1CCN(C(=O)C2=NN3CCCN=C3N2)CC1,20.75347900390625,0.07346296310424805,1,332,6,16,91,15,0.9976287063411217,True,1,2,2,"O=C(O)C1=NN2CCCN=C2N1, O=C1CCNCC1",,zinc;zinc,{'uspto': 331},"{'expansion_calls': 244, 'reactants_generations': 1565, 'iterations': 100}"
3,CN1CC[C@H]2[C@@H](CCCN2c2ncccc2F)C1,ok,,CN1CC[C@H]2[C@@H](CCCN2c2ncccc2F)C1,16.968642234802246,0.2339463233947754,2,405,6,23,131,5,0.9976287063411217,True,1,2,2,"CN1CC[C@@H]2NCCC[C@H]2C1, Fc1cccnc1Cl",,zinc;zinc,{'uspto': 404},"{'expansion_calls': 290, 'reactants_generations': 1667, 'iterations': 100}"
4,CN1CC[C@H]2[C@@H](CCCN2c2ccc(Cl)nc2)C1,ok,,CN1CC[C@H]2[C@@H](CCCN2c2ccc(Cl)nc2)C1,13.43339204788208,0.24537420272827148,2,330,6,24,109,13,0.9976287063411217,True,1,2,2,"CN1CC[C@@H]2NCCC[C@H]2C1, Clc1ccc(I)cn1",,zinc;zinc,{'uspto': 329},"{'expansion_calls': 236, 'reactants_generations': 1395, 'iterations': 100}"
5,O=C(C1=NN2CCCN=C2N1)N1CCCCCC1,ok,,O=C(C1=NN2CCCN=C2N1)N1CCCCCC1,12.511821985244751,0.016327857971191406,1,144,6,8,43,22,0.9976287063411217,True,1,2,2,"C1CCCNCC1, O=C(O)C1=NN2CCCN=C2N1",,zinc;zinc,{'uspto': 143},"{'expansion_calls': 104, 'reactants_generations': 949, 'iterations': 100}"
6,C[C@@]1(O)CCCN(c2cccc([N+](=O)[O-])c2)CC1,ok,,C[C@@]1(O)CCCN(c2cccc([N+](=O)[O-])c2)CC1,8.94880723953247,0.01483607292175293,1,98,6,10,45,7,0.9976287063411217,True,1,2,2,"C[C@@]1(O)CCCNCC1, O=[N+]([O-])c1cccc(F)c1",,zinc;zinc,{'uspto': 97},"{'expansion_calls': 59, 'reactants_generations': 908, 'iterations': 100}"
7,C[C@]1(O)CCCN(c2cccc([N+](=O)[O-])c2)CC1,ok,,C[C@]1(O)CCCN(c2cccc([N+](=O)[O-])c2)CC1,14.657778024673462,0.035189151763916016,1,120,6,10,55,11,0.9976287063411217,True,1,2,2,"C[C@]1(O)CCCNCC1, O=[N+]([O-])c1cccc(F)c1",,zinc;zinc,{'uspto': 119},"{'expansion_calls': 81, 'reactants_generations': 1559, 'iterations': 100}"
8,N#Cc1cccc(Nc2cc(C=O)ccc2F)n1,ok,,N#Cc1cccc(Nc2cc(C=O)ccc2F)n1,24.896579027175903,0.012505054473876953,1,259,6,26,95,26,0.9976287063411217,True,1,1,1,N#Cc1cccc(Nc2cc(CO)ccc2F)n1,,zinc,{'uspto': 258},"{'expansion_calls': 199, 'reactants_generations': 2846, 'iterations': 100}"
9,C[C@@H]1C[C@@H](C)CN(c2cc([N+](=O)[O-])ccc2Cl)C1,ok,,C[C@@H]1C[C@@H](C)CN(c2cc([N+](=O)[O-])ccc2Cl)C1,22.931389093399048,0.015258073806762695,1,203,6,10,70,9,0.9976287063411217,True,1,2,2,"C[C@H]1CNC[C@H](C)C1, O=[N+]([O-])c1ccc(Cl)c(F)c1",,zinc;zinc,{'uspto': 202},"{'expansion_calls': 160, 'reactants_generations': 2604, 'iterations': 100}"
10,CN1CC[C@H]2[C@@H](CCCN2c2cccc(Cl)c2)C1,ok,,CN1CC[C@H]2[C@@H](CCCN2c2cccc(Cl)c2)C1,15.786675214767456,0.5181012153625488,3,418,6,28,132,8,0.9976287063411217,True,1,2,2,"CN1CC[C@@H]2NCCC[C@H]2C1, Clc1cccc(Br)c1",,zinc;zinc,{'uspto': 417},"{'expansion_calls': 302, 'reactants_generations': 1514, 'iterations': 100}"
11,Cc1cc(N2CCCCCCC2)ccc1C#N,ok,,Cc1cc(N2CCCCCCC2)ccc1C#N,39.170424938201904,0.015547037124633789,1,185,6,19,93,14,0.9976287063411217,True,1,2,2,"Cc1cc(F)ccc1C#N, C1CCCNCCC1",,zinc;zinc,{'uspto': 184},"{'expansion_calls': 146, 'reactants_generations': 4440, 'iterations': 100}"
12,O=C(C1=NN2CCCN=C2N1)c1cccc(Br)c1,ok,,O=C(C1=NN2CCCN=C2N1)c1cccc(Br)c1,76.48697400093079,0.0,0,320,6,15,111,0,0.5,False,4,4,2,"BrCc1ccccc1, NCc1ccccc1","Br, O=C(C1=NN2CCCN=C2N1)c1cccc(I)c1",Not in stock;zinc;zinc;Not in stock,{'uspto': 319},"{'expansion_calls': 223, 'reactants_generations': 6037, 'iterations': 100}"
13,O=C(CN1CCC[C](O)CC1)c1ccncc1Cl,ok,,O=C(CN1CCC[C](O)CC1)c1ccncc1Cl,48.299331188201904,0.0,0,755,6,14,281,0,0.7374999999999999,False,4,4,3,"O=C(CBr)c1ccncc1Cl, O=C(Cl)Cl, OCC1c2ccccc2-c2ccccc21",O[C]1CCCN(Cc2ccccc2)CC1,zinc;Not in stock;zinc;zinc,{'uspto': 754},"{'expansion_calls': 477, 'reactants_generations': 5283, 'iterations': 100}"
14,O=[N+]([O-])c1cc(-c2ccc(F)c(F)c2)ccc1Cl,ok,,O=[N+]([O-])c1cc(-c2ccc(F)c(F)c2)ccc1Cl,22.09397602081299,0.01910090446472168,1,199,6,45,108,35,0.9976287063411217,True,1,2,2,"O=[N+]([O-])c1cc(B(O)O)ccc1Cl, Fc1ccc(Br)cc1F",,zinc;zinc,{'uspto': 198},"{'expansion_calls': 127, 'reactants_generations': 2400, 'iterations': 100}"
15,CS(=O)(=O)c1ccc(N2CCCCCCC2)cn1,ok,,CS(=O)(=O)c1ccc(N2CCCCCCC2)cn1,32.87862515449524,0.013776302337646484,1,230,6,18,90,29,0.9976287063411217,True,1,2,2,"CS(=O)(=O)c1ccc(Br)cn1, C1CCCNCCC1",,zinc;zinc,{'uspto': 229},"{'expansion_calls': 180, 'reactants_generations': 3716, 'iterations': 100}"
16,N#Cc1ccc(N2CCc3ccccc32)cc1Cl,ok,,N#Cc1ccc(N2CCc3ccccc32)cc1Cl,28.78166913986206,0.01685333251953125,1,219,6,17,96,27,0.9976287063411217,True,1,2,2,"N#Cc1ccc(F)cc1Cl, c1ccc2c(c1)CCN2",,zinc;zinc,{'uspto': 218},"{'expansion_calls': 163, 'reactants_generations': 3211, 'iterations': 100}"
17,CS(=O)(=O)c1ccc(N2CCC[C@@H](O)CC2)cn1,ok,,CS(=O)(=O)c1ccc(N2CCC[C@@H](O)CC2)cn1,26.196753978729248,0.01914501190185547,1,331,6,27,127,31,0.9976287063411217,True,1,2,2,"CS(=O)(=O)c1ccc(Br)cn1, O[C@@H]1CCCNCC1",,zinc;zinc,{'uspto': 330},"{'expansion_calls': 236, 'reactants_generations': 2929, 'iterations': 100}"
18,O=[N+]([O-])c1ccc(Cl)c(-c2ccc(F)c(F)c2)c1,ok,,O=[N+]([O-])c1ccc(Cl)c(-c2ccc(F)c(F)c2)c1,20.170249938964844,0.019168615341186523,1,142,6,38,90,39,0.9976287063411217,True,1,2,2,"O=[N+]([O-])c1ccc(Cl)c(B(O)O)c1, Fc1ccc(Br)cc1F",,zinc;zinc,{'uspto': 141},"{'expansion_calls': 87, 'reactants_generations': 2246, 'iterations': 100}"
19,CS(=O)(=O)c1ccc(N2CCC[C@H](O)CC2)cn1,ok,,CS(=O)(=O)c1ccc(N2CCC[C@H](O)CC2)cn1,25.89874505996704,0.014511823654174805,1,325,6,27,127,31,0.9976287063411217,True,1,2,2,"CS(=O)(=O)c1ccc(Br)cn1, O[C@H]1CCCNCC1",,zinc;zinc,{'uspto': 324},"{'expansion_calls': 231, 'reactants_generations': 2939, 'iterations': 100}"
20,O=C(Nn1ccnn1)c1cc([N+](=O)[O-])ccc1Cl,ok,,O=C(Nn1ccnn1)c1cc([N+](=O)[O-])ccc1Cl,1.2986400127410889,0.021620988845825195,1,14,6,5,5,3,0.9976287063411217,True,1,2,2,"Nn1ccnn1, O=C(Cl)c1cc([N+](=O)[O-])ccc1Cl",,zinc;zinc,{'uspto': 13},"{'expansion_calls': 10, 'reactants_generations': 150, 'iterations': 100}"
21,C[C@]1(O)CCCN(c2ccc([N+](=O)[O-])cc2)CC1,ok,,C[C@]1(O)CCCN(c2ccc([N+](=O)[O-])cc2)CC1,12.559940099716187,0.015814781188964844,1,143,6,11,61,12,0.9976287063411217,True,1,2,2,"C[C@]1(O)CCCNCC1, O=[N+]([O-])c1ccc(F)cc1",,zinc;zinc,{'uspto': 142},"{'expansion_calls': 93, 'reactants_generations': 1348, 'iterations': 100}"
22,CS(=O)(=O)c1ccc(C(=O)Nn2ccnn2)cn1,ok,,CS(=O)(=O)c1ccc(C(=O)Nn2ccnn2)cn1,40.640477895736694,0.03225398063659668,1,304,6,14,96,23,0.9976287063411217,True,1,2,2,"CS(=O)(=O)c1ccc(C(=O)O)cn1, Nn1ccnn1",,zinc;zinc,{'uspto': 303},"{'expansion_calls': 252, 'reactants_generations': 4579, 'iterations': 100}"
23,O=[N+]([O-])c1ccc(Cl)c(-c2cc(F)ccc2F)c1,ok,,O=[N+]([O-])c1ccc(Cl)c(-c2cc(F)ccc2F)c1,27.11354398727417,0.019585132598876953,1,275,6,38,123,24,0.9976287063411217,True,1,2,2,"O=[N+]([O-])c1ccc(Cl)c(Br)c1, OB(O)c1cc(F)ccc1F",,zinc;zinc,{'uspto': 274},"{'expansion_calls': 189, 'reactants_generations': 3049, 'iterations': 100}"
24,Cc1cc(-c2cc(C=O)ccc2F)ccc1C#N,ok,,Cc1cc(-c2cc(C=O)ccc2F)ccc1C#N,28.717620134353638,0.019536972045898438,1,236,6,40,130,44,0.9976287063411217,True,1,2,2,"Cc1cc(B(O)O)ccc1C#N, O=Cc1ccc(F)c(Br)c1",,zinc;zinc,{'uspto': 235},"{'expansion_calls': 150, 'reactants_generations': 3168, 'iterations': 100}"
25,O[C@@H]1CCCN(c2cccc3cnccc23)CC1,ok,,O[C@@H]1CCCN(c2cccc3cnccc23)CC1,27.12801194190979,0.01610088348388672,1,329,6,22,119,25,0.9976287063411217,True,1,2,2,"O[C@@H]1CCCNCC1, Brc1cccc2cnccc12",,zinc;zinc,{'uspto': 328},"{'expansion_calls': 231, 'reactants_generations': 2863, 'iterations': 100}"
26,N#Cc1ccc(N2CCC[C@@H](O)CC2)cc1Cl,ok,,N#Cc1ccc(N2CCC[C@@H](O)CC2)cc1Cl,38.365771770477295,0.01534271240234375,1,337,6,19,126,19,0.9976287063411217,True,1,2,2,"N#Cc1ccc(F)cc1Cl, O[C@@H]1CCCNCC1",,zinc;zinc,{'uspto': 336},"{'expansion_calls': 249, 'reactants_generations': 4259, 'iterations': 100}"
27,N#Cc1ccc(N2CCC[C@H](O)CC2)cc1Cl,ok,,N#Cc1ccc(N2CCC[C@H](O)CC2)cc1Cl,38.08236122131348,0.016167879104614258,1,332,6,19,125,19,0.9976287063411217,True,1,2,2,"N#Cc1ccc(F)cc1Cl, O[C@H]1CCCNCC1",,zinc;zinc,{'uspto': 331},"{'expansion_calls': 245, 'reactants_generations': 4236, 'iterations': 100}"
28,O=C(C1=NN2CCCN=C2N1)c1ccnc(F)c1,ok,,O=C(C1=NN2CCCN=C2N1)c1ccnc(F)c1,70.436518907547,0.0,0,417,6,9,108,0,0.7659601461011059,False,6,5,4,"O=C(Cl)Oc1ccc([N+](=O)[O-])cc1, CCCCO, O=P(Cl)(Cl)Cl, O=C(OO)c1cccc(Cl)c1",OC(C1=NN2CCCN=C2N1)c1ccnc(F)c1,zinc;zinc;zinc;zinc;Not in stock,{'uspto': 416},"{'expansion_calls': 327, 'reactants_generations': 4774, 'iterations': 100}"
29,O[C@H]1CCCN(c2cccc3cnccc23)CC1,ok,,O[C@H]1CCCN(c2cccc3cnccc23)CC1,26.967979907989502,0.016630887985229492,1,331,6,22,124,23,0.9976287063411217,True,1,2,2,"O[C@H]1CCCNCC1, Brc1cccc2cnccc12",,zinc;zinc,{'uspto': 330},"{'expansion_calls': 227, 'reactants_generations': 2837, 'iterations': 100}"
30,O=C(C1=NN2CCCN=C2N1)c1ccccc1O,ok,,O=C(C1=NN2CCCN=C2N1)c1ccccc1O,70.34443283081055,36.033010959625244,50,531,6,18,194,4,0.9865529289315002,True,3,3,3,"COc1ccc(Br)cc1, O=S(Cl)Cl, O=C(O)C1=NN2CCCN=C2N1",,zinc;zinc;zinc,{'uspto': 530},"{'expansion_calls': 352, 'reactants_generations': 4753, 'iterations': 100}"
31,C[C@]1(O)CCCN(c2cc(C=O)ccc2F)CC1,ok,,C[C@]1(O)CCCN(c2cc(C=O)ccc2F)CC1,61.83126926422119,0.3414912223815918,2,472,6,19,149,6,0.994039853898894,True,2,2,2,"C[C@]1(O)CCCNCC1, Fc1ccc(C2OCCO2)cc1Br",,zinc;zinc,{'uspto': 471},"{'expansion_calls': 365, 'reactants_generations': 6803, 'iterations': 100}"
32,Cc1cccnc1C(=O)CC(=O)Nn1ccnn1,ok,,Cc1cccnc1C(=O)CC(=O)Nn1ccnn1,18.975924968719482,0.12070465087890625,1,368,6,10,107,59,0.994039853898894,True,2,3,3,"Cc1cccnc1Br, CCOC(=O)CC(=O)Nn1ccnn1, CNOC",,zinc;zinc;zinc,{'uspto': 367},"{'expansion_calls': 274, 'reactants_generations': 2167, 'iterations': 100}"
33,O=C(C1=NN2CCCN=C2N1)c1ncccc1F,ok,,O=C(C1=NN2CCCN=C2N1)c1ncccc1F,82.55393195152283,0.0,0,296,6,12,118,0,0.6392934794344391,False,6,3,2,"O=C1CCC(=O)N1Br, BrCc1ccccc1",O=C1CCN2N=C(C(O)c3ncccc3F)NC2=N1,zinc;zinc;Not in stock,{'uspto': 295},"{'expansion_calls': 206, 'reactants_generations': 5838, 'iterations': 100}"
34,O=C1CN(C(=O)C2=NN3CCCN=C3N2)CCN1,ok,,O=C1CN(C(=O)C2=NN3CCCN=C3N2)CCN1,9.125747919082642,0.13155293464660645,1,65,6,10,33,18,0.9976287063411217,True,1,2,2,"O=C(O)C1=NN2CCCN=C2N1, O=C1CNCCN1",,zinc;zinc,{'uspto': 64},"{'expansion_calls': 38, 'reactants_generations': 692, 'iterations': 100}"
35,Cc1cccnc1N1CC[C@@H]2COC(=O)N[C@H]2C1,ok,,Cc1cccnc1N1CC[C@@H]2COC(=O)N[C@H]2C1,22.34161114692688,9.148967027664185,41,519,6,24,176,4,0.994039853898894,True,2,2,2,"Cc1cccnc1Cl, COC(=O)N1CC[C@@H]2COC(=O)N[C@H]2C1",,zinc;zinc,{'uspto': 518},"{'expansion_calls': 343, 'reactants_generations': 2149, 'iterations': 100}"
36,Cc1ccc2oc(N3CCCCCCC3)cc2c1,ok,,Cc1ccc2oc(N3CCCCCCC3)cc2c1,39.87833094596863,21.261690139770508,53,565,6,23,180,1,0.994039853898894,True,2,3,3,"C1CCCNCCC1, O=C1CCC(=O)N1Br, Cc1ccc2occc2c1",,zinc;zinc;zinc,{'uspto': 564},"{'expansion_calls': 409, 'reactants_generations': 4081, 'iterations': 100}"
37,CC(=O)CCCCCCCCCC(=O)CC(C)=O,ok,,CC(=O)CCCCCCCCCC(=O)CC(C)=O,26.606566905975342,0.0,0,594,6,46,186,0,0.7734470710684997,False,5,5,4,"CC(C)=O, OCCO, O=C(O)CCCCCCCCCC(=O)O, CC(=O)O",[Li]C,zinc;zinc;zinc;Not in stock;zinc,{'uspto': 593},"{'expansion_calls': 430, 'reactants_generations': 2760, 'iterations': 100}"
38,Cc1cc(-n2cnc(C#N)cc2=O)ccc1C#N,ok,,Cc1cc(-n2cnc(C#N)cc2=O)ccc1C#N,25.025195121765137,0.014244318008422852,1,240,6,25,67,8,0.9976287063411217,True,1,2,2,"Cc1cc(Br)ccc1C#N, N#Cc1cc(=O)[nH]cn1",,zinc;zinc,{'uspto': 239},"{'expansion_calls': 201, 'reactants_generations': 2783, 'iterations': 100}"
39,C[C@H]1CCCCN1CC(=O)c1ccc(F)cc1F,ok,,C[C@H]1CCCCN1CC(=O)c1ccc(F)cc1F,8.943268060684204,0.01475381851196289,1,175,6,15,70,32,0.9976287063411217,True,1,2,2,"O=C(CCl)c1ccc(F)cc1F, C[C@H]1CCCCN1",,zinc;zinc,{'uspto': 174},"{'expansion_calls': 116, 'reactants_generations': 1043, 'iterations': 100}"
40,O=[N+]([O-])c1ccc(Cl)c(-c2cccc(F)c2F)c1,ok,,O=[N+]([O-])c1ccc(Cl)c(-c2cccc(F)c2F)c1,30.043214797973633,0.019449710845947266,1,228,6,35,117,29,0.9976287063411217,True,1,2,2,"O=[N+]([O-])c1ccc(Cl)c(B(O)O)c1, Fc1cccc(Br)c1F",,zinc;zinc,{'uspto': 227},"{'expansion_calls': 156, 'reactants_generations': 3254, 'iterations': 100}"
41,N#Cc1ccc(-c2cc(C=O)ccc2F)cc1Cl,ok,,N#Cc1ccc(-c2cc(C=O)ccc2F)cc1Cl,30.348356008529663,0.018464088439941406,1,232,6,40,120,38,0.9976287063411217,True,1,2,2,"N#Cc1ccc(Br)cc1Cl, O=Cc1ccc(F)c(B(O)O)c1",,zinc;zinc,{'uspto': 231},"{'expansion_calls': 160, 'reactants_generations': 3368, 'iterations': 100}"
42,O=C(C1=NN2CCCN=C2N1)c1cncc(O)c1,ok,,O=C(C1=NN2CCCN=C2N1)c1cncc(O)c1,65.25961518287659,18.201735019683838,24,550,6,18,143,1,0.9865529289315002,True,3,3,3,"CON(C)C(=O)C1=NN2CCCN=C2N1, COc1ccc(CO)cc1, Brc1cncc(Br)c1",,zinc;zinc;zinc,{'uspto': 549},"{'expansion_calls': 412, 'reactants_generations': 4831, 'iterations': 100}"
43,N#Cc1ccnc(N2CCC3(CCNC3)CC2)c1,ok,,N#Cc1ccnc(N2CCC3(CCNC3)CC2)c1,20.65053105354309,0.015108108520507812,1,244,6,27,90,31,0.9976287063411217,True,1,2,2,"N#Cc1ccnc(Cl)c1, C1CC2(CCN1)CCNC2",,zinc;zinc,{'uspto': 243},"{'expansion_calls': 186, 'reactants_generations': 2254, 'iterations': 100}"
44,CS(=O)(=O)CCCCC(=O)c1cccc(F)c1F,ok,,CS(=O)(=O)CCCCC(=O)c1cccc(F)c1F,20.088171005249023,1.8317341804504395,5,407,6,19,107,36,0.9976287063411217,True,1,2,2,"CCOC(=O)CCCCS(C)(=O)=O, Fc1cccc(Br)c1F",,zinc;zinc,{'uspto': 406},"{'expansion_calls': 319, 'reactants_generations': 2157, 'iterations': 100}"
45,Cc1cc(N2CCC[C@H](C)C2)c2ccccc2n1,ok,,Cc1cc(N2CCC[C@H](C)C2)c2ccccc2n1,24.181461095809937,0.016819000244140625,1,295,6,25,124,29,0.9976287063411217,True,1,2,2,"Cc1cc(Cl)c2ccccc2n1, C[C@H]1CCCNC1",,zinc;zinc,{'uspto': 294},"{'expansion_calls': 199, 'reactants_generations': 2489, 'iterations': 100}"
46,CS(=O)(=O)c1ccc(-c2ccc(F)cc2F)cn1,ok,,CS(=O)(=O)c1ccc(-c2ccc(F)cc2F)cn1,18.778069019317627,0.01738905906677246,1,205,6,38,96,43,0.9976287063411217,True,1,2,2,"CS(=O)(=O)c1ccc(Br)cn1, OB(O)c1ccc(F)cc1F",,zinc;zinc,{'uspto': 204},"{'expansion_calls': 142, 'reactants_generations': 2070, 'iterations': 100}"
47,O=C(C1=NN2CCCN=C2N1)c1cccnc1O,ok,,O=C(C1=NN2CCCN=C2N1)c1cccnc1O,51.91970205307007,0.0,0,481,6,11,123,0,0.6698862622648335,False,3,3,2,"CON(C)C(=O)C1=NN2CCCN=C2N1, CC(C)(C)C(=O)Nc1ccccn1",O,Not in stock;zinc;zinc,{'uspto': 480},"{'expansion_calls': 364, 'reactants_generations': 3621, 'iterations': 100}"
48,O=c1ccn(Nc2ncccc2F)cc1[N+](=O)[O-],ok,,O=c1ccn(Nc2ncccc2F)cc1[N+](=O)[O-],52.85228514671326,0.0,0,491,6,13,151,0,0.595,False,4,5,3,"O=C(O)C(F)(F)F, [N-]=[N+]=NP(=O)(c1ccccc1)c1ccccc1, CC(C)(C)O","F[B-](F)(F)F, O=C(O)c1cccnc1Nn1ccc(=O)c([N+](=O)[O-])c1",Not in stock;zinc;zinc;Not in stock;zinc,{'uspto': 490},"{'expansion_calls': 343, 'reactants_generations': 5774, 'iterations': 100}"
49,O=C(Nn1ccnn1)c1ccc(Cl)c([N+](=O)[O-])c1,ok,,O=C(Nn1ccnn1)c1ccc(Cl)c([N+](=O)[O-])c1,21.642152786254883,0.0318295955657959,1,133,6,10,53,8,0.9976287063411217,True,1,2,2,"Nn1ccnn1, O=C(Cl)c1ccc(Cl)c([N+](=O)[O-])c1",,zinc;zinc,{'uspto': 132},"{'expansion_calls': 103, 'reactants_generations': 2436, 'iterations': 100}"
50,Cc1nc(N2CCCCCCC2)ccc1C#N,ok,,Cc1nc(N2CCCCCCC2)ccc1C#N,34.98581886291504,0.014552116394042969,1,197,6,11,106,7,0.9976287063411217,True,1,2,2,"Cc1nc(Cl)ccc1C#N, C1CCCNCCC1",,zinc;zinc,{'uspto': 196},"{'expansion_calls': 134, 'reactants_generations': 3961, 'iterations': 100}"
51,O=[N+]([O-])c1cc(-c2cc(F)ccc2F)ccc1Cl,ok,,O=[N+]([O-])c1cc(-c2cc(F)ccc2F)ccc1Cl,19.314842224121094,0.020693063735961914,1,200,6,44,106,41,0.9976287063411217,True,1,2,2,"O=[N+]([O-])c1cc(Br)ccc1Cl, OB(O)c1cc(F)ccc1F",,zinc;zinc,{'uspto': 199},"{'expansion_calls': 124, 'reactants_generations': 2051, 'iterations': 100}"
52,N#Cc1cc(-c2ccc(F)cc2[N+](=O)[O-])ccn1,ok,,N#Cc1cc(-c2ccc(F)cc2[N+](=O)[O-])ccn1,72.88231992721558,1.5493009090423584,2,279,6,23,94,9,0.9976287063411217,True,1,2,2,"N#Cc1cc(B(O)O)ccn1, O=[N+]([O-])c1cc(F)ccc1Br",,zinc;zinc,{'uspto': 278},"{'expansion_calls': 230, 'reactants_generations': 8197, 'iterations': 100}"
53,N#Cc1cc(=O)n(N2CCc3ccccc32)cn1,ok,,N#Cc1cc(=O)n(N2CCc3ccccc32)cn1,34.10553598403931,0.0,0,597,6,15,188,0,0.7659601461011059,False,6,5,4,"C[Si](C)(C)C#N, O=C(OO)c1cccc(Cl)c1, O=C1CCC(=O)N1Br, O=P(Cl)(Cl)Cl",O=c1cc(O)ncn1N1CCc2ccccc21,zinc;zinc;zinc;zinc;Not in stock,{'uspto': 596},"{'expansion_calls': 410, 'reactants_generations': 3621, 'iterations': 100}"
54,N#Cc1cc(=O)n(Nc2cc(F)ccc2F)cn1,ok,,N#Cc1cc(=O)n(Nc2cc(F)ccc2F)cn1,38.3607759475708,0.0,0,704,6,18,287,0,0.7184601461011058,False,6,4,3,"C[Si](C)(C)C#N, O=C(O)c1ccccc1C(=O)OO, O=P(Cl)(Cl)Cl",O=c1cc(O)ncn1Nc1c(F)cc(F)c(F)c1F,zinc;zinc;zinc;Not in stock,{'uspto': 703},"{'expansion_calls': 425, 'reactants_generations': 3894, 'iterations': 100}"
55,O=C(C1=NN2CCCN=C2N1)c1cccc(Cl)c1,ok,,O=C(C1=NN2CCCN=C2N1)c1cccc(Cl)c1,64.01517391204834,0.0,0,473,6,19,143,0,0.7734470710684997,False,5,5,4,"CON(C)C(=O)C1=NN2CCCN=C2N1, O=C1CCC(=O)N1Br, O=C1CCC(=O)N1Cl, Cc1ccc(Br)cc1",[Mg],zinc;zinc;zinc;Not in stock;zinc,{'uspto': 472},"{'expansion_calls': 354, 'reactants_generations': 4882, 'iterations': 100}"
56,C[C@@H]1CCCN(CC(=O)c2cccc(F)c2F)C1,ok,,C[C@@H]1CCCN(CC(=O)c2cccc(F)c2F)C1,16.93052387237549,0.014794111251831055,1,213,6,14,84,20,0.9976287063411217,True,1,2,2,"O=C(CBr)c1cccc(F)c1F, C[C@@H]1CCCNC1",,zinc;zinc,{'uspto': 212},"{'expansion_calls': 150, 'reactants_generations': 1944, 'iterations': 100}"
57,CS(=O)(=O)c1ccc(N2CCC[C@@H](C#N)C2)cn1,ok,,CS(=O)(=O)c1ccc(N2CCC[C@@H](C#N)C2)cn1,22.35499596595764,0.015522956848144531,1,180,5,19,82,37,0.9976287063411217,True,1,2,2,"CS(=O)(=O)c1ccc(Br)cn1, N#C[C@@H]1CCCNC1",,zinc;zinc,{'uspto': 179},"{'expansion_calls': 140, 'reactants_generations': 2508, 'iterations': 100}"
58,CS(=O)(=O)c1ccc(-c2ccc(F)c(F)c2)cn1,ok,,CS(=O)(=O)c1ccc(-c2ccc(F)c(F)c2)cn1,24.00220799446106,0.015252828598022461,1,204,6,44,90,33,0.9976287063411217,True,1,2,2,"CS(=O)(=O)c1ccc(Br)cn1, OB(O)c1ccc(F)c(F)c1",,zinc;zinc,{'uspto': 203},"{'expansion_calls': 152, 'reactants_generations': 2657, 'iterations': 100}"
59,O=[N+]([O-])c1cc(Cl)cc(-c2ccc(F)c(F)c2)n1,ok,,O=[N+]([O-])c1cc(Cl)cc(-c2ccc(F)c(F)c2)n1,15.349443674087524,0.013948917388916016,1,346,6,20,92,21,0.9976287063411217,True,1,2,2,"O=[N+]([O-])c1cc(Cl)cc(Cl)n1, OB(O)c1ccc(F)c(F)c1",,zinc;zinc,{'uspto': 345},"{'expansion_calls': 259, 'reactants_generations': 1568, 'iterations': 100}"
60,C[S@](=N)(=O)c1ccc(C(=O)Nn2ccnn2)cc1,ok,,C[S@](=N)(=O)c1ccc(C(=O)Nn2ccnn2)cc1,28.68896722793579,0.24488115310668945,1,240,6,10,71,19,0.9976287063411217,True,1,2,2,"C[S@](=N)(=O)c1ccc(C(=O)O)cc1, Nn1ccnn1",,zinc;zinc,{'uspto': 239},"{'expansion_calls': 192, 'reactants_generations': 3164, 'iterations': 100}"
61,C[C@]1(O)CCCN(c2ccc(F)cc2[N+](=O)[O-])CC1,ok,,C[C@]1(O)CCCN(c2ccc(F)cc2[N+](=O)[O-])CC1,12.73977279663086,0.015257835388183594,1,67,6,11,34,5,0.9976287063411217,True,1,2,2,"C[C@]1(O)CCCNCC1, O=[N+]([O-])c1cc(F)ccc1F",,zinc;zinc,{'uspto': 66},"{'expansion_calls': 49, 'reactants_generations': 1396, 'iterations': 100}"
62,O[C@@H]1CCCN(c2ccc3c(c2)CNCC3)CC1,ok,,O[C@@H]1CCCN(c2ccc3c(c2)CNCC3)CC1,16.93566584587097,0.05343270301818848,1,431,6,29,159,44,0.9976287063411217,True,1,2,2,"O[C@@H]1CCCNCC1, Brc1ccc2c(c1)CNCC2",,zinc;zinc,{'uspto': 430},"{'expansion_calls': 282, 'reactants_generations': 1692, 'iterations': 100}"
63,C[S@](=N)(=O)c1ccc(-c2ccc(F)cc2F)cc1,ok,,C[S@](=N)(=O)c1ccc(-c2ccc(F)cc2F)cc1,36.55384397506714,0.0195620059967041,1,271,6,31,126,19,0.9976287063411217,True,1,2,2,"C[S@](=N)(=O)c1ccc(Br)cc1, OB(O)c1ccc(F)cc1F",,zinc;zinc,{'uspto': 270},"{'expansion_calls': 191, 'reactants_generations': 3823, 'iterations': 100}"
64,O=C(C1=NN2CCCN=C2N1)c1ccc(Cl)nc1,ok,,O=C(C1=NN2CCCN=C2N1)c1ccc(Cl)nc1,24.478140115737915,2.4237899780273438,4,198,6,11,52,1,0.9976287063411217,True,1,2,2,"CON(C)C(=O)C1=NN2CCCN=C2N1, Clc1ccc(Br)cn1",,zinc;zinc,{'uspto': 197},"{'expansion_calls': 147, 'reactants_generations': 1621, 'iterations': 100}"
65,O=C(C1=NN2CCCN=C2N1)c1ccccc1Cl,ok,,O=C(C1=NN2CCCN=C2N1)c1ccccc1Cl,28.450361728668213,2.6473348140716553,4,110,6,7,39,1,0.9976287063411217,True,1,2,2,"CON(C)C(=O)C1=NN2CCCN=C2N1, Clc1ccccc1I",,zinc;zinc,{'uspto': 109},"{'expansion_calls': 80, 'reactants_generations': 2001, 'iterations': 100}"
66,O=C(C1=NN2CCCN=C2N1)N1CCCCCCC1,ok,,O=C(C1=NN2CCCN=C2N1)N1CCCCCCC1,20.884256839752197,0.01652693748474121,1,158,6,9,45,8,0.9976287063411217,True,1,2,2,"C1CCCNCCC1, O=C(O)C1=NN2CCCN=C2N1",,zinc;zinc,{'uspto': 157},"{'expansion_calls': 124, 'reactants_generations': 1681, 'iterations': 100}"
67,c1cc2cc(N3CCCCCCC3)ncn2c1,ok,,c1cc2cc(N3CCCCCCC3)ncn2c1,25.80470609664917,0.0,0,594,6,27,162,0,0.7659601461011059,False,6,5,4,"O=P(Cl)(Cl)Cl, O=C(OO)c1cccc(Cl)c1, BrCc1ccccc1, O=C1CCCCCCN1",c1cc2ccncn2c1,zinc;zinc;Not in stock;zinc;zinc,{'uspto': 593},"{'expansion_calls': 440, 'reactants_generations': 2598, 'iterations': 100}"
68,O=C(Cc1ccc(F)cn1)c1cc(F)ccc1F,ok,,O=C(Cc1ccc(F)cn1)c1cc(F)ccc1F,7.172950029373169,0.013511896133422852,1,186,6,20,78,44,0.9976287063411217,True,1,2,2,"CC(=O)c1cc(F)ccc1F, Fc1ccc(Cl)nc1",,zinc;zinc,{'uspto': 185},"{'expansion_calls': 109, 'reactants_generations': 781, 'iterations': 100}"
69,O=Cc1ccc(F)c(-c2cc3ccncc3s2)c1,ok,,O=Cc1ccc(F)c(-c2cc3ccncc3s2)c1,28.238991022109985,0.09282779693603516,1,317,6,25,126,35,0.9976287063411217,True,1,2,2,"O=Cc1ccc(F)c(B(O)O)c1, Brc1cc2ccncc2s1",,zinc;zinc,{'uspto': 316},"{'expansion_calls': 231, 'reactants_generations': 3126, 'iterations': 100}"
70,O=Cc1ccccc1-c1ccc(F)cc1[N+](=O)[O-],ok,,O=Cc1ccccc1-c1ccc(F)cc1[N+](=O)[O-],50.252893924713135,0.3640472888946533,2,316,6,34,129,24,0.9976287063411217,True,1,2,2,"O=Cc1ccccc1B(O)O, O=[N+]([O-])c1cc(F)ccc1Br",,zinc;zinc,{'uspto': 315},"{'expansion_calls': 225, 'reactants_generations': 5636, 'iterations': 100}"
71,N#Cc1cccc(-c2ccc(F)cc2[N+](=O)[O-])n1,ok,,N#Cc1cccc(-c2ccc(F)cc2[N+](=O)[O-])n1,79.26462197303772,13.32112193107605,11,346,6,18,108,8,0.9976287063411217,True,1,2,2,"N#Cc1cccc(Cl)n1, Cc1ccc(F)cc1[N+](=O)[O-]",,zinc;zinc,{'uspto': 345},"{'expansion_calls': 275, 'reactants_generations': 8846, 'iterations': 100}"
72,O=C1N[C@H]2CN(c3cccc(Br)c3)CC[C@@H]2CO1,ok,,O=C1N[C@H]2CN(c3cccc(Br)c3)CC[C@@H]2CO1,34.7006471157074,26.443034172058105,80,650,6,18,207,4,0.994039853898894,True,2,2,2,"Brc1cccc(Br)c1, COC(=O)N1CC[C@@H]2COC(=O)N[C@H]2C1",,zinc;zinc,{'uspto': 649},"{'expansion_calls': 443, 'reactants_generations': 3527, 'iterations': 100}"
73,Cc1ccc2oc(C(=O)Nn3ccnn3)cc2c1,ok,,Cc1ccc2oc(C(=O)Nn3ccnn3)cc2c1,11.671277046203613,0.021610021591186523,1,121,6,11,50,21,0.9976287063411217,True,1,2,2,"Cc1ccc2oc(C(=O)O)cc2c1, Nn1ccnn1",,zinc;zinc,{'uspto': 120},"{'expansion_calls': 85, 'reactants_generations': 1267, 'iterations': 100}"
74,CN1CC[C@H]2[C@@H](CCCN2c2cnccc2C#N)C1,ok,,CN1CC[C@H]2[C@@H](CCCN2c2cnccc2C#N)C1,27.28346610069275,0.3498959541320801,4,428,6,28,129,7,0.9976287063411217,True,1,2,2,"CN1CC[C@@H]2NCCC[C@H]2C1, N#Cc1ccncc1F",,zinc;zinc,{'uspto': 427},"{'expansion_calls': 320, 'reactants_generations': 2901, 'iterations': 100}"
75,Cc1ccc(-c2ccc(S(C)(=O)=O)nc2)cc1F,ok,,Cc1ccc(-c2ccc(S(C)(=O)=O)nc2)cc1F,19.726290941238403,0.014268875122070312,1,206,6,47,94,39,0.9976287063411217,True,1,2,2,"Cc1ccc(B(O)O)cc1F, CS(=O)(=O)c1ccc(Br)cn1",,zinc;zinc,{'uspto': 205},"{'expansion_calls': 146, 'reactants_generations': 2159, 'iterations': 100}"
76,N[C@H]1CCCN(CC(=O)c2ccccc2C=O)C1,ok,,N[C@H]1CCCN(CC(=O)c2ccccc2C=O)C1,480.5457592010498,0.0,0,328,6,19,81,0,0.7734470710684997,False,5,5,4,"CS(C)=O, O=C(N[C@H]1CCCNC1)OCc1ccccc1, O=C1CCC(=O)N1Br, CC(=O)c1ccccc1C",Cl,zinc;zinc;zinc;zinc;Not in stock,{'uspto': 327},"{'expansion_calls': 271, 'reactants_generations': 2433, 'iterations': 57}"
77,CC(=O)CC(=O)CCCCN1CCC[C@@H](C#N)C1,ok,,CC(=O)CC(=O)CCCCN1CCC[C@@H](C#N)C1,16.57871985435486,0.04667997360229492,1,605,6,38,219,13,0.9976287063411217,True,1,2,2,"COC(=O)CCCCN1CCC[C@@H](C#N)C1, CC(C)=O",,zinc;zinc,{'uspto': 604},"{'expansion_calls': 401, 'reactants_generations': 1742, 'iterations': 100}"
78,Cc1cc(N2CCC[C@@H](O)C2)c2ccccc2n1,ok,,Cc1cc(N2CCC[C@@H](O)C2)c2ccccc2n1,21.66726803779602,0.015896081924438477,1,302,6,28,117,45,0.9976287063411217,True,1,2,2,"Cc1cc(Cl)c2ccccc2n1, O[C@@H]1CCCNC1",,zinc;zinc,{'uspto': 301},"{'expansion_calls': 202, 'reactants_generations': 2293, 'iterations': 100}"
79,O=[N+]([O-])c1cnc(-c2ccc(F)c(F)c2)c(Cl)c1,ok,,O=[N+]([O-])c1cnc(-c2ccc(F)c(F)c2)c(Cl)c1,20.353495121002197,0.014757156372070312,1,104,6,13,57,25,0.9976287063411217,True,1,2,2,"O=[N+]([O-])c1cnc(Cl)c(Cl)c1, OB(O)c1ccc(F)c(F)c1",,zinc;zinc,{'uspto': 103},"{'expansion_calls': 75, 'reactants_generations': 2310, 'iterations': 100}"
80,CS(=O)(=O)c1ccc(-c2cccc(F)c2F)cn1,ok,,CS(=O)(=O)c1ccc(-c2cccc(F)c2F)cn1,16.883634090423584,0.014981269836425781,1,157,6,32,88,34,0.9976287063411217,True,1,2,2,"CS(=O)(=O)c1ccc(Br)cn1, OB(O)c1cccc(F)c1F",,zinc;zinc,{'uspto': 156},"{'expansion_calls': 100, 'reactants_generations': 1928, 'iterations': 100}"
81,O=[N+]([O-])c1cc(-c2cccc(F)c2F)ccc1Cl,ok,,O=[N+]([O-])c1cc(-c2cccc(F)c2F)ccc1Cl,26.20677924156189,0.020336151123046875,1,228,6,41,116,28,0.9976287063411217,True,1,2,2,"O=[N+]([O-])c1cc(Br)ccc1Cl, OB(O)c1cccc(F)c1F",,zinc;zinc,{'uspto': 227},"{'expansion_calls': 153, 'reactants_generations': 2801, 'iterations': 100}"
82,N#Cc1cnccc1-c1ccc(F)cc1[N+](=O)[O-],ok,,N#Cc1cnccc1-c1ccc(F)cc1[N+](=O)[O-],93.39197993278503,6.989372730255127,7,330,6,20,101,5,0.9976287063411217,True,1,2,2,"N#Cc1cnccc1B(O)O, O=[N+]([O-])c1cc(F)ccc1Br",,zinc;zinc,{'uspto': 329},"{'expansion_calls': 276, 'reactants_generations': 10593, 'iterations': 100}"
83,N#Cc1ccc(-c2ccc([N+](=O)[O-])cc2)cc1Cl,ok,,N#Cc1ccc(-c2ccc([N+](=O)[O-])cc2)cc1Cl,34.65924882888794,0.019725799560546875,1,225,6,32,112,21,0.9976287063411217,True,1,2,2,"N#Cc1ccc(B(O)O)cc1Cl, O=[N+]([O-])c1ccc(Br)cc1",,zinc;zinc,{'uspto': 224},"{'expansion_calls': 157, 'reactants_generations': 3807, 'iterations': 100}"
84,Cn1cc(N2CCCCCCC2)c(=O)n(C)c1=O,ok,,Cn1cc(N2CCCCCCC2)c(=O)n(C)c1=O,22.553865909576416,2.0242607593536377,7,188,6,24,86,23,0.9976287063411217,True,1,2,2,"Cn1cc(Br)c(=O)n(C)c1=O, C1CCCNCCC1",,zinc;zinc,{'uspto': 187},"{'expansion_calls': 140, 'reactants_generations': 2537, 'iterations': 100}"
85,C1CCCN(CCCN2CCCCCCC2)CCC1,ok,,C1CCCN(CCCN2CCCCCCC2)CCC1,28.7434241771698,0.6747100353240967,4,719,6,44,345,34,0.994039853898894,True,2,2,2,"O=C(O)CCN1CCCCCCC1, C1CCCNCCC1",,zinc;zinc,{'uspto': 718},"{'expansion_calls': 415, 'reactants_generations': 3146, 'iterations': 100}"
86,N#Cc1cc(=O)n(-c2cc(C=O)ccc2F)cn1,ok,,N#Cc1cc(=O)n(-c2cc(C=O)ccc2F)cn1,36.36272406578064,0.0,0,580,6,25,157,0,0.7734470710684997,False,5,5,4,"C[Si](C)(C)C#N, CN(C)C=O, O=C(OO)c1cccc(Cl)c1, O=P(Cl)(Cl)Cl",O=c1cc(O)ncn1-c1ccccc1F,zinc;zinc;zinc;zinc;Not in stock,{'uspto': 579},"{'expansion_calls': 431, 'reactants_generations': 3794, 'iterations': 100}"
87,C[C@H]1COCCN(c2nccc3cccnc23)C1,ok,,C[C@H]1COCCN(c2nccc3cccnc23)C1,13.398076295852661,0.0153961181640625,1,174,6,11,73,35,0.9976287063411217,True,1,2,2,"C[C@@H]1CNCCOC1, Clc1nccc2cccnc12",,zinc;zinc,{'uspto': 173},"{'expansion_calls': 116, 'reactants_generations': 1537, 'iterations': 100}"
88,Fc1ccc(N2CCc3ccccc32)c(F)c1,ok,,Fc1ccc(N2CCc3ccccc32)c(F)c1,10.379342079162598,0.016530990600585938,1,178,6,25,94,50,0.9976287063411217,True,1,2,2,"Fc1ccc(Cl)c(F)c1, c1ccc2c(c1)CCN2",,zinc;zinc,{'uspto': 177},"{'expansion_calls': 94, 'reactants_generations': 1070, 'iterations': 100}"
89,N#Cc1ccc(N2CCC[C@@H](C#N)C2)cc1Cl,ok,,N#Cc1ccc(N2CCC[C@@H](C#N)C2)cc1Cl,39.84246897697449,0.015691041946411133,1,171,6,13,76,10,0.9976287063411217,True,1,2,2,"N#Cc1ccc(F)cc1Cl, N#C[C@@H]1CCCNC1",,zinc;zinc,{'uspto': 170},"{'expansion_calls': 149, 'reactants_generations': 4541, 'iterations': 100}"
90,O=C(CN1CCCCCCC1)N1CCC[C](O)CC1,ok,,O=C(CN1CCCCCCC1)N1CCC[C](O)CC1,29.25276803970337,0.0,0,768,6,32,302,0,0.785,False,4,5,4,"O=C(O)CN1CCCCCCC1, CC(C)(C)O, O=C(Cl)Cl, O=C(O)O",O[C]1CCCNCC1,zinc;Not in stock;zinc;zinc;zinc,{'uspto': 767},"{'expansion_calls': 466, 'reactants_generations': 3151, 'iterations': 100}"
91,O=C(Nn1ccnn1)c1cc(Cl)cc([N+](=O)[O-])n1,ok,,O=C(Nn1ccnn1)c1cc(Cl)cc([N+](=O)[O-])n1,30.165820121765137,18.48091220855713,54,517,6,13,149,2,0.975,True,4,5,5,"Nn1ccnn1, CC(=O)O, C[Si](C)(C)C#N, O=C(OO)c1cccc(Cl)c1, O=[N+]([O-])c1cc(Cl)ccn1",,zinc;zinc;zinc;zinc;zinc,{'uspto': 516},"{'expansion_calls': 376, 'reactants_generations': 3390, 'iterations': 100}"
92,CN1CC[C@@H]2CN(c3ccncc3C#N)C[C@@H]2C1,ok,,CN1CC[C@@H]2CN(c3ccncc3C#N)C[C@@H]2C1,24.652174711227417,0.46004676818847656,2,235,6,29,79,15,0.9976287063411217,True,1,2,2,"CN1CC[C@@H]2CNC[C@@H]2C1, N#Cc1cnccc1Cl",,zinc;zinc,{'uspto': 234},"{'expansion_calls': 187, 'reactants_generations': 2725, 'iterations': 100}"
93,Cc1cc(-c2ccc(Cl)c([N+](=O)[O-])c2)cc(Cl)n1,ok,,Cc1cc(-c2ccc(Cl)c([N+](=O)[O-])c2)cc(Cl)n1,27.50128722190857,0.04413008689880371,1,253,6,35,118,30,0.9976287063411217,True,1,2,2,"Cc1cc(Br)cc(Cl)n1, O=[N+]([O-])c1cc(B(O)O)ccc1Cl",,zinc;zinc,{'uspto': 252},"{'expansion_calls': 175, 'reactants_generations': 3014, 'iterations': 100}"
94,Cc1cc(N2CCc3ccccc3CC2)cc(Cl)n1,ok,,Cc1cc(N2CCc3ccccc3CC2)cc(Cl)n1,16.548337936401367,0.016117095947265625,1,307,6,23,104,28,0.9976287063411217,True,1,2,2,"Cc1cc(Cl)cc(Cl)n1, c1ccc2c(c1)CCNCC2",,zinc;zinc,{'uspto': 306},"{'expansion_calls': 222, 'reactants_generations': 1809, 'iterations': 100}"
95,O=Cc1ccc(F)c(-c2cc3cccnc3s2)c1,ok,,O=Cc1ccc(F)c(-c2cc3cccnc3s2)c1,26.492094039916992,0.5474100112915039,2,293,6,30,109,37,0.9976287063411217,True,1,2,2,"O=Cc1ccc(F)c(Br)c1, OB(O)c1cc2cccnc2s1",,zinc;zinc,{'uspto': 292},"{'expansion_calls': 220, 'reactants_generations': 3004, 'iterations': 100}"
96,N#Cc1cc(N2CCc3ccccc32)ccn1,ok,,N#Cc1cc(N2CCc3ccccc32)ccn1,14.926413774490356,0.01726078987121582,1,164,6,18,72,36,0.9976287063411217,True,1,1,1,N#Cc1cc(NCCc2ccccc2F)ccn1,,zinc,{'uspto': 163},"{'expansion_calls': 116, 'reactants_generations': 1660, 'iterations': 100}"
97,Fc1ccc(F)c(N2CCc3ccccc32)c1,ok,,Fc1ccc(F)c(N2CCc3ccccc32)c1,12.177461862564087,0.01702404022216797,1,297,6,28,125,63,0.9976287063411217,True,1,2,2,"Fc1ccc(F)c(F)c1, c1ccc2c(c1)CCN2",,zinc;zinc,{'uspto': 296},"{'expansion_calls': 184, 'reactants_generations': 1217, 'iterations': 100}"
98,Cc1nc(N2CCC[C@@H](O)CC2)ccc1C#N,ok,,Cc1nc(N2CCC[C@@H](O)CC2)ccc1C#N,27.843305110931396,0.01456594467163086,1,348,6,16,160,20,0.9976287063411217,True,1,2,2,"Cc1nc(Cl)ccc1C#N, O[C@@H]1CCCNCC1",,zinc;zinc,{'uspto': 347},"{'expansion_calls': 209, 'reactants_generations': 2960, 'iterations': 100}"
99,O=Cc1ccc(F)c(C(=O)CCCCC(=O)O)c1,ok,,O=Cc1ccc(F)c(C(=O)CCCCC(=O)O)c1,12.059380054473877,0.201416015625,2,448,6,24,124,12,0.9976287063411217,True,1,2,2,"CN(C)C=O, O=C(O)CCCCC(=O)c1ccccc1F",,zinc;zinc,{'uspto': 447},"{'expansion_calls': 328, 'reactants_generations': 1205, 'iterations': 100}"
